{"cameraMode":{"drawMode":3,"name":"Shadow Cascades","section":"Miscellaneous"},"sceneLighting":true,"audioPlay":false,"sceneViewState":{"m_AlwaysRefresh":false,"showFog":true,"showSkybox":true,"showFlares":true,"showImageEffects":true,"showParticleSystems":true,"showVisualEffectGraphs":true,"m_FxEnabled":true},"in2DMode":false,"pivot":{"x":5.241115570068359,"y":13.207592964172364,"z":-22.65617561340332},"rotation":{"x":-0.06265859305858612,"y":-0.018265895545482637,"z":0.0011458502849563957,"w":-0.9978755712509155},"size":1.9695582389831544,"orthographic":false}